Profile,Printables,Blogs,Everyday,Projects
3‑A,"['Build‑a‑Bridge Blueprint: large‑format grid with dotted outlines of simple bridges to trace and extend (targets fine motor, spatial reasoning).', 'Sequencing Strips: picture cards showing 3‑step everyday tasks for the child to cut and order (builds critical thinking).', 'Letter‑Tool Matching Mats: match cut‑out tool pictures to starting‑sound letters laid on a pretend workbench (phonics).', 'Emotion Gears: gear‑shaped faces with various emotions to spin and label, encouraging emotional vocabulary.', 'Shape Hunt Bingo: bingo boards with basic shapes; child covers the shape when found in real‑life photo cards (visual scanning).']","['Why Parallel Play Builds Problem‑Solvers: explaining cognitive benefits of side‑by‑side tinkering and ways to scaffold it.', 'Turn Tracing into Early Engineering: how tracing outlines of tools and parts develops design thinking at preschool age.']","['“Invite your child to ‘fix’ things with masking‑tape tools while you do chores.”', '“Count the stairs aloud together each time you go up or down.”', '“Spot letters on signs during walks and let your child point them out.”']","['Cardboard City Build – Save small boxes for a week, tape roads to the floor, then design a mini city together, labeling each building and counting windows as you go.', 'Sensory Sandwich Shop – Scoop colored rice and beans onto felt ‘bread’ while naming each layer: first, next, last; then ‘serve’ the sandwich to a stuffed‑animal customer.', 'Story Block Theater – Attach three scene pictures to shoe‑box lids, build block characters, and act out beginning‑middle‑end stories, snapping photos to make a slideshow.']"
3‑B,"['Puppet Cut‑outs: cardstock characters with slots for craft‑stick handles, ready for coloring and dramatization (supports communication).', 'Rhyming Picture Dominoes: domino tiles showing images like cat/hat for visual rhyme matching.', 'Color‑Mixing Wheels: two‑layer spinners showing primary colors and resulting mixes for hands‑on discovery.', '“Feelings Faces” Masks: emoji‑style masks children decorate then wear to act out emotions.', '1‑to‑5 Counting Train: train‑car cards numbered 1‑5 to connect in order and load with sticker ‘passengers.’']","['Using Puppets to Stretch Vocabulary: tips on dialogic reading with homemade puppets.', 'Simple Color Experiments for Preschoolers: safe paint and water play that illustrates mixing principles.']","['“Turn bath time into a rhyme game: ‘rub‑a‑dub, scrub‑the‑tub!’”', '“Ask your child to finish your sentences during storybooks.”', '“Play ‘I‑Spy’ with beginning sounds on car rides.”']","[""Living‑Room Radio Show – Record your child 'reading' a picture book into your phone; play it back and layer simple sound effects like page turns or footsteps for an instant podcast."", 'Giant Box Castle – Decorate appliance boxes with windows and flags; assign jobs such as ‘royal counter’ to tally play coins or ‘color‑chooser’ to decide paint schemes.', 'Rainbow Scavenger Hunt – Collect red to purple objects around the house, glue them in order onto a huge arc poster, then retell where each item was found.']"
3‑C,"['Mystery Number Cards: image dots 1‑10 on magnifying‑glass cards for children to match to numerals.', 'Pattern‑Strip Puzzles: cardstock strips with AB, AAB, ABC patterns to finish using sticker shapes.', 'Shape Sorting Mats: mats labeled circle/square/triangle with Velcro spots for matching wooden pieces.', '“Who Has More?” Picture Graphs: simple bar‑graph templates comparing quantities of snacks, toys, etc.', 'Count‑&‑Clip Clothespin Wheels: numbers around a wheel; child clips the correct number of pins.']","['Counting Games that Sneak in Language Practice: integrate number talk into daily routines.', 'Why Puzzles Grow Little Mathematicians: spatial relations and perseverance benefits.']","['“Shake two snack cups and guess which sounds heavier before you open them.”', '“Clap a rhythm and have your child copy the pattern.”', '“Line up toy cars and label first, second, third together.”']","['Laundry‑Basket Skee‑Ball – Roll socks into numbered baskets; keep score together and compare which basket got the most points.', 'DIY Pattern Path – Tape colored paper squares on the floor (red‑blue‑red‑blue) and hop along while naming the colors and predicting the next square.', 'Nature Number Book – Collect sticks, leaves, and stones outdoors; glue sets of 1–10 on booklet pages your child numbers and illustrates.']"
3‑D,"['Turn‑Taking Board Game Template: blank path board and dice images to customize with favorite stickers.', 'Action‑Verb Cards: photo cards of jumping, crawling, spinning to prompt movement imitation.', 'Uppercase‑Lowercase Ladder: printable ladder where matching rungs pair uppercase and lowercase letters.', 'Mini Emotions Spinner: arrow spinner with four facial expressions to discuss feelings during play.', '“Trace the Path” Gross‑Motor Map: floor‑sized poster showing footprints, arrows, and shapes to trace with feet or toy cars.']","['Why Big‑Body Play Fuels Early Literacy: linking movement to brain readiness for reading.', 'Building Social Skills with Simple Board Games: household hacks for cooperative play.']","['“Let your child ‘direct traffic’ with a cardboard stop sign during bike rides.”', '“Describe three things you notice while swinging and ask your child to add one.”', '“Model ‘I need a turn’ phrasing when sharing crayons.”']","['Back‑Yard Obstacle Course – Use cushions, boxes, and chalk arrows; time each run and celebrate personal bests while naming body movements (crawl, leap, balance).', 'Garden Picnic Planner – Draw a simple map of where the blanket, snacks, and toys should go; follow the plan together and discuss spatial words like next to and under.', 'Letter Hopscotch – Chalk letters instead of numbers; hop to spell the child’s name and simple CVC words, blending the sounds as you land.']"
3‑E,"['Click‑&‑Match Digital Sticker Sheets: PDF with drag‑and‑drop shapes usable on tablet for safe exploration.', 'Visual Schedule Cards: morning, snack, play, rest icons to arrange on a Velcro timeline.', '“Whose Sound?” Animal Photo Chart: match animals to their sounds to build listening skills.', 'Feel‑Good Coloring Pages: large‑outline flowers and animals paired with single positive words (happy, calm).', 'Big‑Picture Alphabet Posters: full‑page letters with matching photo (A‑apple) for wall display.']","['Boosting Confidence Through Predictable Routines: research and printable planners.', 'First Steps Toward Cooperative Play: gradual strategies for shy explorers.']","['“Offer two outfit choices so your child practices decision‑making.”', '“Narrate what you’re doing in short sentences: ‘Mom is pouring milk.’”', '“Praise effort—‘You tried a new puzzle piece!’—not just success.”']","['Family Photo Timeline – Print and line up photos from baby to now; talk about growth and future goals, feeding vocabulary like older, tallest, tomorrow.', 'Digital Postcard Creation – Use a free app to drag stickers onto a vacation photo and ‘send’ it to a grandparent, rehearsing a short voice message for confidence.', 'Calm‑Down Bottle Lab – Fill a bottle with water, glitter, and beads; seal and shake together, watching the swirl while naming emotions and breathing slowly.']"
4‑A,"['Simple Machines Blueprint Pack: trace‑and‑design sheets for lever, wheel‑and‑axle, pulley with labels to cut and paste.', 'Fraction Pizza Cut‑outs: cardstock circles quartered and eighth‑ed; children assemble toppings to explore equal parts.', 'Word‑Family Gears: gear shapes printed with rime chunks (-at, -og) that interlock with onset gears (c, f, l).', ""STEM Storycards: picture prompt cards showing a 'problem' (cat can't reach shelf) inviting design solutions."", 'Emotion Thermometer: vertical slider poster from cool to hot feelings to practice self‑regulation check‑ins.']","['Teaching Engineering Words Through Play: levers, fulcrums, and fun vocabulary.', 'From Blocks to Blueprints: 4‑Year‑Old Drafting Tips and printable graph paper.']","['“Ask your child to suggest two ways to fix a household problem before you step in.”', '“Let your child be the ‘measurement manager’—choose spoon sizes or count scoops during cooking.”', '“End the day with a ‘design debrief’: what invention idea popped up today?”']","['Recycled‑Robot Build – Gather cartons, tubes, and bottle caps; sketch a plan, then tape pieces to form a robot whose arms articulate with paper fasteners; celebrate by naming its job.', 'Pulley Playground – Thread rope over a tree branch or chair back, attach a bucket, and explore lifting toy loads; vary weight and record which feels heavier or needs two pulls.', 'Pop‑Up Book Creation – Fold paper into simple pop‑up tabs; illustrate a three‑page story where each page shows the problem, build, and solution of a child‑invented gadget.']"
4‑B,"['Puppet Theater Backdrops: printable scenes (forest, city, space) to slide into a cardboard frame.', 'Rhyme‑Wheel Spinner: wheel halves with onset/rime that spin to create silly rhyming words.', 'Color‑Math Story Mats: mats depicting story settings with hidden numerals to find and add.', 'Character Emotion Dice: cube nets with expressive faces and action prompts to roll before acting.', 'Story Sequence Arrows: large arrows children lay on floor to map beginning, middle, end pictures.']","['Math Stories for Reluctant Counters: integrating number tasks into narrative arcs.', 'Setting Up a Dramatic‑Play ‘Bookstore’ at Home: printables and pretend money ideas.']","['“Tell a progressive story at dinner—the rule is each person must include a number word.”', '“Assign your child the role of ‘dialogue director’ to add voices during read‑alouds.”', '“Spot shapes in cloud formations and vote on the funniest storyline.”']","['Backyard Movie Studio – Hang a white sheet, use a tablet on tripod; child designs tickets, narrates a puppet film, and invites family to the premiere with popcorn math (count kernels).', 'Cardboard Story Cube – Glue six pictures (setting, hero, helper, challenge, object, ending) on a large cube; roll to improvise tales, tally each element to graph favorites.', 'Neighborhood Photo Journal – Take wearable camera walk; child captures story clues (door numbers, pet tracks), prints photos, and dictates captions to compose a mini mystery book.']"
4‑C,"['Tangram Challenge Cards: silhouette puzzles progressing from simple to complex shapes.', 'Code‑a‑Path Arrows: arrow cards (left/right/forward) to place on grid paper for kinesthetic coding.', 'Graph‑It Sticker Charts: blank coordinate grids where stickers mark data like snack preference.', 'Logic Riddle Strips: picture riddles with visual elimination clues to circle the answer.', 'Number Bond Rockets: cut‑and‑paste halves that join to make 10 displayed as rocket stages.']","['Why Logic Games Matter in Kindergarten Readiness: research and free printables.', 'DIY Coding Without Screens: stepping‑stone algorithms in your living room.']","['“Pose a ‘Which one doesn’t belong?’ puzzle with pantry items before lunch.”', '“Challenge your child to plan the shortest route collecting three toys around the room.”', '“Predict how many spoonfuls will fill a cup, then test and compare.”']","['Treasure‑Map Grid Quest – Tape a 5×5 grid on the floor, hide a ‘gem’; child writes arrow code to guide you, adjusting algorithms when detours appear.', 'Domino Chain Reactions – Arrange dominos in branching paths; experiment which layout topples fastest and record times on a homemade chart.', 'Weather Data Chart – Track daily sky icons for two weeks; child graphs sunny, cloudy, rainy counts and reports findings at family meeting.']"
4‑D,"['Sports‑manship Bingo: bingo cards with positive play actions (high‑five, take turns, cheer).', 'Letter‑Relay Race Cards: alphabet cards to pick and dash to chalk letters outdoors.', 'Friendship Coupon Book: tear‑off ‘I can help you’ coupons children give peers.', 'Goal‑Tracker Thermometer: poster to color in as team reaches step count or cleanup goals.', 'Phoneme Hop Circles: circles with initial sounds to jump between and blend into words.']","['The Power of Cooperative Rules: crafting fair games with kids.', 'Linking Literacy to Active Games: move‑and‑read activities for energetic learners.']","['“Let your child explain game rules to a younger sibling to practice clarity.”', '“During grocery trips, race to find items that start with the day’s mystery letter.”', '“Celebrate small wins with a team chant your child invents.”']","['Park‑Clean‑Up Mission – Organize a family ‘secret agent’ trash pick‑up with color‑coded bags, set a collective goal, and debrief teamwork reflections over snacks.', 'Shadow‑Tag Story – Play tag where ‘It’ can freeze opponents only by calling out a rhyming word; switch roles and tally who created the most rhymes.', 'Family Campout Planner – Child helps list supplies, assigns family duties, and draws a site map; after camping (indoors or outdoors) discuss what plans worked and what to adjust.']"
4‑E,"['Nature Sorting Cards: photos of leaves, rocks, insects to classify by size, color, texture.', 'Routine Visual Timelines: morning‑to‑night sequence strips with blank slots for photos.', 'Emoji Feelings Wheel: spin‑dial poster with six nuanced emotions for self‑reporting.', 'Collection Label Tags: printable labels with magnifying‑glass icon and lines for name/date.', 'Safe‑Search Checklist: picture checklist for adult‑approved websites and steps to ask permission.']","['Turning Collections into Science: fostering inquiry skills with everyday objects.', 'Scaffolding Social Risk‑Taking: gentle invitations to join group play.']","['“Invite your child to photograph one ‘mystery object’ daily and guess its category at dinner.”', '“Use a sand timer to signal when it’s your turn to speak and when it’s theirs.”', '“Display collections on a shelf your child can rearrange anytime.”']","['Mini‑Museum in a Box – Decorate a shoebox with exhibit panels; child curates five treasures, writes simple labels, and gives family a guided tour with question prompts.', 'Digital Field Guide – Take tablet photos of backyard insects, record audio notes, then compile in a slideshow to show grandparents.', 'Calm‑Corner Design – Collaboratively plan a quiet nook with pillow fort, feelings wheel, and ‘idea basket’; test and tweak until it feels just right.']"
5‑A,"['Invention Journal Pages: blueprint grids with prompt boxes for materials, purpose, and next steps.', 'Simple‑Circuit Diagram Cut‑outs: battery, wire, bulb symbols to arrange and trace current paths.', 'Syllable Sort Wheel: spinner divided into 1‑,2‑,3‑syllable sections for sorting picture cards.', 'Engineering‑Design Task Cards: challenges like ‘build a bridge for a toy car using 10 blocks.’', 'Growth‑Mindset Poster: color‑in phrases (‘I can revise!’) for reflection after projects.']","['Design‑Thinking with Preschoolers: empathy, ideation, prototyping in kid language.', 'Teaching Peer Feedback in Maker Projects: sentence stems and feedback etiquette.']","['“Ask your child to redesign a household tool using LEGO®.”', '“Encourage them to keep a ‘wonder list’ of questions that pop up during the day.”', '“Rotate the role of ‘quality checker’ at cleanup—child inspects and suggests improvements.”']","['Cardboard Arcade – Collect boxes, tubes, and marbles; child sketches game ideas, builds at least two stations (like a ramp toss), tests with friends, and iterates based on scores.', 'Backyard Weather Station – Set up rain gauge, wind sock, and thermometer; record data for a month, graph patterns, and predict clothing choices.', 'Stop‑Motion Film Studio – Use phone app to animate clay characters solving a problem; child plans storyboard, films, and records narration.']"
5‑B,"['Storyboard Panels: comic‑style frames with speech‑bubble templates for writing dialogue.', 'Puppet‑Script Fill‑Ins: partial scripts with blanks for adjectives, verbs, and math challenges.', 'Money‑Math Ticket Sheets: printable ‘tickets’ priced 5–20 cents for pretend box office.', 'Director’s Cue Cards: icons for lights, curtain, music to hold up during performances.', 'Emotion‑Spectrum Fan: gradient fan children flip to show intensity of feelings during rehearsal.']","['Math at the Box‑Office: using play money and budgets to practice operations.', 'Stepping into Character Empathy Games: role‑play activities that build perspective.']","['“Invite your child to price household chores with play money they design.”', '“Draft a two‑person script for brushing teeth, then act it out in silly voices.”', '“Take turns ‘directing’ photo poses at the park, counting to three before each click.”']","['Community News Show – Child researches neighborhood happenings (lost cat, new garden), writes cue cards, and records a newscast video complete with weather math (temperature change).', 'Giant Floor‑Book – Tape poster pages into oversized book; fill with drawings, captions, and collected artifacts documenting a family adventure; share at bedtime like a real author.', 'Forest‑Fantasy Audio Play – Hike a nature trail collecting forest sounds; later, script a fantasy story using recorded ambience as background, editing in free audio software.']"
5‑C,"['Experiment Record Sheets: hypothesis, materials, results rows with icon visuals.', 'Mystery‑Number Code Wheels: cipher wheels shifting numbers to secret messages.', 'Data‑Plot Graph Paper: half‑inch grids with title blocks for charting collected data.', 'Algorithm Step Cards: numbered cards to order when explaining a routine (tie shoes).', 'Vocabulary Diagram Mats: boxes for label, sketch, fact connected to new science words.']","['Citizen Science for Kinders: projects like backyard bird count and water clarity tests.', 'From Coding Arrows to Algorithms: progression of computational thinking activities.']","['“Have your child predict which ice cube shape melts fastest and time it together.”', '“Invite them to ‘debug’ a morning routine—what step can we reorder to be quicker?”', '“Graph favorite fruits of family members at dinner.”']","['Solar‑Oven Build – Line a pizza box with foil, plastic wrap, and black paper; place marshmallows inside and measure melt times, adjusting box angle for maximum heat.', 'Sink‑or‑Float Regatta – Craft foil boats of different shapes; predict and test how many pennies each holds, then chart results and discuss design tweaks.', 'Neighborhood Math Trail – Map a walking loop noting house numbers, shapes, and patterns; compile findings into a mini‑field guide with statistics.']"
5‑D,"['Team‑Goal Tracker Charts: thermometer charts to color as cooperative projects progress.', 'Letter‑Relay Word Cards: CVC and CVCC word cards for relay reading races.', 'Feelings Negotiation Cards: scenario cards prompting ‘I feel… I need…’ statements.', 'Movement Math Dice: dice faces with jump, spin, clap plus numbers to combine action and counting.', 'Public Speaking Checklist: pictorial checklist for voice, eye contact, posture.']","['Child‑Led Conflict‑Resolution Steps: teaching ‘stop, think, talk, agree’.', 'Fueling Reading with Active Games: literacy tasks that involve the whole body.']","['“Assign your child as ‘coach’ to lead family stretching before dinner.”', '“During errands, practice persuasive language: ‘Give me two reasons we should buy bananas.’”', '“Create a secret handshake routine and refine it over the week.”']","['Peace‑Parade Planning – Brainstorm community kindness messages, design banners, rehearse chants, and lead a small sidewalk march, inviting neighbors to join.', 'Obstacle‑Course Engineer – Child gathers objects to design a multi‑station course with math challenges (hop 7 times, spell DOG); times participants and presents awards.', 'Family Podcast Roundtable – Record weekly 10‑minute show where child moderates topics, ensuring turn‑taking and summarizing key points at the end.']"
5‑E,"['Question Cue Cards: who, what, when, why, how prompts for inquiry practice.', 'Digital Fact‑Check Mats: checklist graphics for source, date, author verification.', 'Emotion‑Thermometer Posters: graduated color bars to mark current feelings and coping plan.', 'Mind‑Map Templates: central bubble and radiating ideas for research organization.', 'Confidence Coupon Tickets: tear‑off tickets with self‑affirmations to redeem after risks.']","['Boosting Confidence by Publishing Research: simple ways kids can ‘publish’ findings.', 'Safe Search Skills at Age\u202f5: kid‑friendly browsers and digital citizenship basics.']","['“Invite your child to write one ‘wonder question’ on a sticky note every morning.”', '“Model admitting mistakes and brainstorming fixes together.”', '“Keep a shared clipboard of ‘new tries’ and celebrate each checkmark.”']","['Mini‑Documentary Film – Child chooses a topic (e.g., recycling), researches online with you, storyboards shots, films short clips, and records narration before preview night.', 'Wonder‑Wall Research Board – Hang corkboard, pin questions, photos, and answers as child investigates; periodically rearrange to show growing knowledge web.', 'Kindness Survey & Graph – Design simple survey for classmates, collect responses, graph results, and present findings with recommendations to the class.']"